{
  "calibracion": {
    "brier_score": 0.03754963916391999,
    "ece": 0.11252566401022222,
    "mce": 0.2668620970016138
  },
  "clasificacion": {
    "auc_roc": 0.9811363763564077,
    "accuracy": 0.88542,
    "precision": 0.9932126696832579,
    "recall": 0.07120843471208435,
    "f1_score": 0.13288935976994098
  },
  "dataset": {
    "n_samples": 50000,
    "prevalencia": 0.1233,
    "threshold": 0.8038788070237372
  }
}