{
  "calibracion": {
    "brier_score": 0.037602136214486985,
    "ece": 0.11231704999650516,
    "mce": 0.28631330358854057,
    "metodo": "sigmoid"
  },
  "discriminacion": {
    "auc_roc": 0.9811734184916497,
    "accuracy": 0.88618,
    "precision": 0.9908675799086758,
    "recall": 0.07090344714915864,
    "f1_score": 0.13233724653148346,
    "specificity": 0.9999088402196951,
    "sensitivity": 0.07090344714915864
  },
  "dataset": {
    "n_samples": 50000,
    "prevalencia": 0.12242,
    "threshold": 0.8038788070237372,
    "archivo": "data/processed/sien_modelo_limpio.csv"
  }
}