{
  "brier_score": 0.03790938815595806,
  "ece": 0.11058391360085537,
  "mce": 0.2563397084398046,
  "auc_roc": 0.9807930504450533,
  "n_samples": 895982,
  "prevalencia": 0.12261407037194944,
  "metodo_calibracion": "sigmoid",
  "threshold": 0.8038788070237372
}